種別,ID,日付,曜日,時刻,できごと,登場人物,場所,関連する話,区分,部,部ごとの補足,メモ,期間の終了,色
年表,,2025-04-10,木,18:00,記入例の年表,人物A、人物B,,,起点,,,,,
部,,2025-04-01,火,,第一部,,,,,,,,2025-04-05,#c0504d
部,,2025-04-03,木,,第二部,,,,,,,,2025-04-08,#4f81bd
部,,2025-04-06,日,,第三部,,,,,,,,2025-04-09,#6a9a3a
部,,2025-04-08,火,,第四部,,,,,,,,,#8064a2
できごと,,2025-04-01,火,09:00,人物Aが町に着く,人物A,駅,第1話,共通,第一部,,
できごと,,2025-04-01,火,09:00,同じ時刻、人物Bは店を開ける,人物B,商店,,共通,第一部、第二部,"【第一部】人物Aの視点から遠目に描く
【第二部】人物Bの視点で描く",同じ日時のできごとは何行でも書けます
できごと,,2025-04-02,水,,町の祭りの準備が始まる,,町全体,,共通,,,どの部でも描写しないできごとは「共通」の列に入ります
できごと,,2025-04-03,木,,町で停電が起こる,人物A、人物B、人物C,町全体,,共通,第一部、第二部,【第二部】停電の時間を1時間ずらして描く,時刻は空欄でもかまいません
できごと,,2025-04-07,月,21:30,人物Cが手紙を受け取る,人物C,下宿,,共通,第三部,,
できごと,,2025-04-10,木,19:00,人物Aが駅へ向かう,人物A,駅,,ルート,第一部,,起点以降は「部」の列にルートを書きます
できごと,,2025-04-10,木,19:00,人物Bが店を閉める,人物B,商店,,ルート,第二部、第四部,,複数の部のルートにまたがるときは「、」で区切ります
できごと,,2025-04-11,金,,人物Cが町を出る,人物C,駅,,ルート,第三部,,
